bucket,support,pred,tp,fp,fn,precision,recall,f1
assessment,181,205,162,43,19,0.7902439024390244,0.8950276243093923,0.839378238341969
background,42,37,35,2,7,0.9459459459459459,0.8333333333333334,0.8860759493670887
id,1,1,1,0,0,1.0,1.0,1.0
patient_involvement,36,42,30,12,6,0.7142857142857143,0.8333333333333334,0.7692307692307692
recommendation,58,44,37,7,21,0.8409090909090909,0.6379310344827587,0.7254901960784312
situation,86,86,68,18,18,0.7906976744186046,0.7906976744186046,0.7906976744186046
