bucket,support,pred,tp,fp,fn,precision,recall,f1
assessment,181,169,130,39,51,0.7692307692307693,0.7182320441988951,0.7428571428571429
background,42,29,24,5,18,0.8275862068965517,0.5714285714285714,0.676056338028169
id,1,23,1,22,0,0.043478260869565216,1.0,0.08333333333333333
patient_involvement,36,64,19,45,17,0.296875,0.5277777777777778,0.38
recommendation,58,43,27,16,31,0.627906976744186,0.46551724137931033,0.5346534653465347
situation,86,109,72,37,14,0.6605504587155964,0.8372093023255814,0.7384615384615384
