bucket,support,pred,tp,fp,fn,precision,recall,f1
assessment,181,221,171,50,10,0.7737556561085973,0.9447513812154696,0.8507462686567164
background,42,49,42,7,0,0.8571428571428571,1.0,0.923076923076923
id,1,18,1,17,0,0.05555555555555555,1.0,0.10526315789473684
patient_involvement,36,48,19,29,17,0.3958333333333333,0.5277777777777778,0.45238095238095233
recommendation,58,87,49,38,9,0.5632183908045977,0.8448275862068966,0.6758620689655171
situation,86,106,79,27,7,0.7452830188679245,0.9186046511627907,0.8229166666666665
