bucket,support,pred,tp,fp,fn,precision,recall,f1
assessment,181,246,160,86,21,0.6504065040650406,0.8839779005524862,0.7494145199063231
background,42,44,39,5,3,0.8863636363636364,0.9285714285714286,0.9069767441860465
id,1,13,1,12,0,0.07692307692307693,1.0,0.14285714285714288
patient_involvement,36,42,22,20,14,0.5238095238095238,0.6111111111111112,0.5641025641025642
recommendation,58,54,28,26,30,0.5185185185185185,0.4827586206896552,0.5
situation,86,113,80,33,6,0.7079646017699115,0.9302325581395349,0.8040201005025125
