bucket,support,pred,tp,fp,fn,precision,recall,f1
assessment,181,171,142,29,39,0.8304093567251462,0.7845303867403315,0.8068181818181817
background,42,41,33,8,9,0.8048780487804879,0.7857142857142857,0.7951807228915663
id,1,18,1,17,0,0.05555555555555555,1.0,0.10526315789473684
patient_involvement,36,47,30,17,6,0.6382978723404256,0.8333333333333334,0.7228915662650603
recommendation,58,46,40,6,18,0.8695652173913043,0.6896551724137931,0.7692307692307693
situation,86,95,68,27,18,0.7157894736842105,0.7906976744186046,0.7513812154696132
