bucket,support,pred,tp,fp,fn,precision,recall,f1
assessment,181,203,166,37,15,0.8177339901477833,0.9171270718232044,0.8645833333333333
background,42,41,38,3,4,0.926829268292683,0.9047619047619048,0.9156626506024096
id,1,1,1,0,0,1.0,1.0,1.0
patient_involvement,36,51,35,16,1,0.6862745098039216,0.9722222222222222,0.8045977011494253
recommendation,58,60,49,11,9,0.8166666666666667,0.8448275862068966,0.8305084745762712
situation,86,85,72,13,14,0.8470588235294118,0.8372093023255814,0.8421052631578947
